<?xml version='1.0' encoding='utf-8'?>
<!DOCTYPE hibernate-configuration PUBLIC
        "-//Hibernate/Hibernate Configuration DTD 3.0//EN"
        "http://www.hibernate.org/dtd/hibernate-configuration-3.0.dtd">

<hibernate-configuration>

    <session-factory>
		
		<property name="hbm2ddl.auto">create</property>
		
        <!-- Database connection settings -->
        <property name="connection.driver_class">com.mysql.cj.jdbc.Driver</property>
        <property name="connection.url">jdbc:mysql://localhost:3306/users</property>
        <property name="connection.username">springuser</property>
        <property name="connection.password">ThePassword</property>

    
        <!-- SQL dialect -->
        <property name="dialect">org.hibernate.dialect.MySQL5Dialect</property>

       
        <!-- Echo all executed SQL to stdout -->
        <property name="show_sql">true</property>


        <mapping class="com.hcl.data.entities.User"/>

    </session-factory>

</hibernate-configuration>